idols,name,kana,lat,lon
"四条貴音,白石紬",札幌市白石区川北四条一丁目,さっぽろししろいしく かわきた4じょう 1,43.063665,141.433671
"四条貴音,白石紬",札幌市白石区川北四条二丁目,さっぽろししろいしく かわきた4じょう 2,43.063688,141.436271
"四条貴音,白石紬",札幌市白石区川北四条三丁目,さっぽろししろいしく かわきた4じょう 3,43.063461,141.43908
"四条貴音,白石紬",札幌市白石区川下四条一丁目,さっぽろししろいしく かわしも4じょう 1,43.053132,141.441291
"四条貴音,白石紬",札幌市白石区川下四条二丁目,さっぽろししろいしく かわしも4じょう 2,43.052536,141.442525
"四条貴音,白石紬",札幌市白石区川下四条三丁目,さっぽろししろいしく かわしも4じょう 3,43.052038,141.444108
"四条貴音,白石紬",札幌市白石区川下四条四丁目,さっぽろししろいしく かわしも4じょう 4,43.052104,141.446
"四条貴音,白石紬",札幌市白石区川下四条五丁目,さっぽろししろいしく かわしも4じょう 5,43.051816,141.447768
"四条貴音,白石紬",札幌市白石区川下四条六丁目,さっぽろししろいしく かわしも4じょう 6,43.051219,141.449624
"四条貴音,白石紬",札幌市白石区菊水四条一丁目,さっぽろししろいしく きくすい4じょう 1,43.060374,141.37212
"四条貴音,白石紬",札幌市白石区菊水四条二丁目,さっぽろししろいしく きくすい4じょう 2,43.058387,141.37497
"四条貴音,白石紬",札幌市白石区菊水四条三丁目,さっぽろししろいしく きくすい4じょう 3,43.056033,141.376956
"四条貴音,白石紬",札幌市白石区菊水上町四条一丁目,さっぽろししろいしく きくすいかみまち4じょう 1,43.066942,141.391287
"四条貴音,白石紬",札幌市白石区菊水上町四条二丁目,さっぽろししろいしく きくすいかみまち4じょう 2,43.065699,141.392984
"四条貴音,白石紬",札幌市白石区菊水上町四条三丁目,さっぽろししろいしく きくすいかみまち4じょう 3,43.063838,141.393999
"四条貴音,白石紬",札幌市白石区菊水上町四条四丁目,さっぽろししろいしく きくすいかみまち4じょう 4,43.063975,141.396907
"四条貴音,白石紬",札幌市白石区菊水元町四条一丁目,さっぽろししろいしく きくすいもとまち4じょう 1,43.070569,141.404166
"四条貴音,白石紬",札幌市白石区菊水元町四条二丁目,さっぽろししろいしく きくすいもとまち4じょう 2,43.06891,141.404629
"四条貴音,白石紬",札幌市白石区菊水元町四条三丁目,さっぽろししろいしく きくすいもとまち4じょう 3,43.067304,141.406239
"四条貴音,白石紬",札幌市白石区北郷四条十丁目,さっぽろししろいしく きたごう4じょう 10,43.055366,141.430689
"四条貴音,白石紬",札幌市白石区北郷四条十一丁目,さっぽろししろいしく きたごう4じょう 11,43.054058,141.433818
"四条貴音,白石紬",札幌市白石区北郷四条十二丁目,さっぽろししろいしく きたごう4じょう 12,43.053023,141.437903
"四条貴音,白石紬",札幌市白石区北郷四条十三丁目,さっぽろししろいしく きたごう4じょう 13,43.052371,141.440577
"四条貴音,白石紬",札幌市白石区北郷四条十四丁目,さっぽろししろいしく きたごう4じょう 14,43.051104,141.442722
"四条貴音,白石紬",札幌市白石区北郷四条一丁目,さっぽろししろいしく きたごう4じょう 1,43.066091,141.407465
"四条貴音,白石紬",札幌市白石区北郷四条二丁目,さっぽろししろいしく きたごう4じょう 2,43.06523,141.410439
"四条貴音,白石紬",札幌市白石区北郷四条三丁目,さっぽろししろいしく きたごう4じょう 3,43.062674,141.4145
"四条貴音,白石紬",札幌市白石区北郷四条四丁目,さっぽろししろいしく きたごう4じょう 4,43.060625,141.418077
"四条貴音,白石紬",札幌市白石区北郷四条五丁目,さっぽろししろいしく きたごう4じょう 5,43.058908,141.420931
"四条貴音,白石紬",札幌市白石区北郷四条六丁目,さっぽろししろいしく きたごう4じょう 6,43.05758,141.423168
"四条貴音,白石紬",札幌市白石区北郷四条七丁目,さっぽろししろいしく きたごう4じょう 7,43.055779,141.424604
"四条貴音,白石紬",札幌市白石区北郷四条八丁目,さっぽろししろいしく きたごう4じょう 8,43.05468,141.427249
"四条貴音,白石紬",札幌市白石区北郷四条九丁目,さっぽろししろいしく きたごう4じょう 9,43.055134,141.428972
"四条貴音,白石紬",札幌市白石区東札幌四条一丁目,さっぽろししろいしく ひがしさっぽろ4じょう 1,43.054953,141.385086
"四条貴音,白石紬",札幌市白石区東札幌四条二丁目,さっぽろししろいしく ひがしさっぽろ4じょう 2,43.053371,141.387298
"四条貴音,白石紬",札幌市白石区東札幌四条三丁目,さっぽろししろいしく ひがしさっぽろ4じょう 3,43.051794,141.389536
"四条貴音,白石紬",札幌市白石区東札幌四条四丁目,さっぽろししろいしく ひがしさっぽろ4じょう 4,43.050324,141.391629
"四条貴音,白石紬",札幌市白石区東札幌四条五丁目,さっぽろししろいしく ひがしさっぽろ4じょう 5,43.048534,141.393822
"四条貴音,白石紬",札幌市白石区東札幌四条六丁目,さっぽろししろいしく ひがしさっぽろ4じょう 6,43.047281,141.396429
"四条貴音,白石紬",札幌市白石区米里四条一丁目,さっぽろししろいしく よねさと4じょう 1,43.084361,141.425774
"四条貴音,白石紬",札幌市白石区米里四条二丁目,さっぽろししろいしく よねさと4じょう 2,43.082297,141.428203
"四条貴音,白石紬",札幌市白石区米里四条三丁目,さっぽろししろいしく よねさと4じょう 3,43.079545,141.430558
"菊地真,四条貴音",札幌市清田区真栄四条一丁目,さっぽろしきよたく しんえい4じょう 1,42.987373,141.438152
"菊地真,四条貴音",札幌市清田区真栄四条二丁目,さっぽろしきよたく しんえい4じょう 2,42.986916,141.44078
"菊地真,四条貴音",札幌市清田区真栄四条三丁目,さっぽろしきよたく しんえい4じょう 3,42.985299,141.442722
"菊地真,四条貴音",札幌市清田区真栄四条四丁目,さっぽろしきよたく しんえい4じょう 4,42.9847,141.445373
"菊地真,四条貴音",札幌市清田区真栄四条五丁目,さっぽろしきよたく しんえい4じょう 5,42.982233,141.448465
"双海亜美,双海真美",函館市新二見町,はこだてし しんふたみちょう,41.728416,141.02551
"双海亜美,双海真美",函館市双見町,はこだてし ふたみちょう,41.979,140.897969
"双海亜美,双海真美",岩見沢市栗沢町万字二見町,いわみざわし くりさわちょうまんじふたみちょう,43.114491,141.990439
"双海亜美,双海真美",二海郡八雲町相生町,ふたみぐんやくもちょう あいおいちょう,42.251958,140.272529
"双海亜美,双海真美",二海郡八雲町旭丘,ふたみぐんやくもちょう あさひおか,42.191634,140.407748
"双海亜美,双海真美",二海郡八雲町熱田,ふたみぐんやくもちょう あつた,42.224269,140.270207
"双海亜美,双海真美",二海郡八雲町出雲町,ふたみぐんやくもちょう いずもちょう,42.250766,140.268877
"双海亜美,双海真美",二海郡八雲町入沢,ふたみぐんやくもちょう いりさわ,42.177957,140.416564
"双海亜美,双海真美",二海郡八雲町内浦町,ふたみぐんやくもちょう うちうらちょう,42.254695,140.284868
"双海亜美,双海真美",二海郡八雲町大新,ふたみぐんやくもちょう おおしん,42.229267,140.255085
"双海亜美,双海真美",二海郡八雲町落部,ふたみぐんやくもちょう おとしべ,42.190189,140.422169
"双海亜美,双海真美,春日未来",二海郡八雲町春日,ふたみぐんやくもちょう かすが,42.24496,140.240085
"双海亜美,双海真美",二海郡八雲町上の湯,ふたみぐんやくもちょう かみのゆ,42.122103,140.37352
"双海亜美,双海真美",二海郡八雲町上八雲,ふたみぐんやくもちょう かみやくも,42.287353,140.155282
"双海亜美,双海真美",二海郡八雲町熊石相沼町,ふたみぐんやくもちょう くまいしあいぬまちょう,42.073875,140.066396
"双海亜美,双海真美",二海郡八雲町熊石鮎川町,ふたみぐんやくもちょう くまいしあゆかわちょう,42.121501,140.012063
"双海亜美,双海真美",二海郡八雲町熊石泉岱町,ふたみぐんやくもちょう ,42.091043,140.127177
"双海亜美,双海真美",二海郡八雲町熊石雲石町,ふたみぐんやくもちょう くまいしうんせきちょう,42.133504,139.976968
"双海亜美,双海真美",二海郡八雲町熊石大谷町,ふたみぐんやくもちょう くまいしおおたにちょう,42.151997,140.04024
"双海亜美,双海真美",二海郡八雲町熊石折戸町,ふたみぐんやくもちょう くまいしおりとちょう,42.069095,140.075052
"双海亜美,双海真美",二海郡八雲町熊石黒岩町,ふたみぐんやくもちょう くまいしくろいわちょう,42.093528,140.050121
"双海亜美,双海真美",二海郡八雲町熊石見日町,ふたみぐんやくもちょう くまいしけんにちちょう,42.118068,140.020354
"双海亜美,双海真美",二海郡八雲町熊石関内町,ふたみぐんやくもちょう くまいしせきないちょう,42.132485,139.938456
"双海亜美,双海真美",二海郡八雲町熊石平町,ふたみぐんやくもちょう くまいしたいらちょう,42.125423,139.998043
"双海亜美,双海真美",二海郡八雲町熊石畳岩町,ふたみぐんやくもちょう くまいしたたみいわちょう,42.130301,139.994949
"双海亜美,双海真美",二海郡八雲町熊石館平町,ふたみぐんやくもちょう くまいしたてひらちょう,42.080569,140.059829
"双海亜美,双海真美",二海郡八雲町熊石泊川町,ふたみぐんやくもちょう くまいしとまりかわちょう,42.090118,140.05366
"双海亜美,双海真美",二海郡八雲町熊石鳴神町,ふたみぐんやくもちょう くまいしなるかみちょう,42.132121,139.968195
"双海亜美,双海真美",二海郡八雲町熊石西浜町,ふたみぐんやくもちょう くまいしにしはまちょう,42.132594,139.947411
"双海亜美,双海真美",二海郡八雲町熊石根崎町,ふたみぐんやくもちょう くまいしねさきちょう,42.133213,139.987014
"双海亜美,双海真美",二海郡八雲町黒岩,ふたみぐんやくもちょう くろいわ,42.366698,140.288385
"双海亜美,双海真美",二海郡八雲町栄町,ふたみぐんやくもちょう さかえちょう,42.252879,140.255527
"双海亜美,双海真美",二海郡八雲町栄浜,ふたみぐんやくもちょう さかえはま,42.175772,140.453726
"双海亜美,双海真美",二海郡八雲町桜野,ふたみぐんやくもちょう さくらの,42.131262,140.280749
"双海亜美,双海真美",二海郡八雲町東雲町,ふたみぐんやくもちょう しののめちょう,42.253494,140.280476
"双海亜美,双海真美",二海郡八雲町下の湯,ふたみぐんやくもちょう しものゆ,42.168614,140.396962
"双海亜美,双海真美",二海郡八雲町末広町,ふたみぐんやくもちょう すえひろちょう,42.255121,140.267973
"双海亜美,双海真美",二海郡八雲町住初町,ふたみぐんやくもちょう すみぞめちょう,42.257883,140.262705
"双海亜美,双海真美",二海郡八雲町立岩,ふたみぐんやくもちょう たていわ,42.268815,140.26043
"双海亜美,双海真美",二海郡八雲町富咲,ふたみぐんやくもちょう とみさき,42.297249,140.156547
"双海亜美,双海真美,豊川風花",二海郡八雲町豊河町,ふたみぐんやくもちょう とよかわちょう,42.26231,140.276563
"双海亜美,双海真美",二海郡八雲町鉛川,ふたみぐんやくもちょう なまりかわ,42.274158,140.19536
"双海亜美,双海真美",二海郡八雲町野田生,ふたみぐんやくもちょう のだおい,42.216915,140.378979
"双海亜美,双海真美",二海郡八雲町花浦,ふたみぐんやくもちょう はなうら,42.290189,140.260971
"双海亜美,双海真美",二海郡八雲町浜松,ふたみぐんやくもちょう はままつ,42.238158,140.301099
"双海亜美,双海真美",二海郡八雲町東野,ふたみぐんやくもちょう ひがしの,42.21338,140.391899
"双海亜美,双海真美",二海郡八雲町東町,ふたみぐんやくもちょう ひがしちょう,42.259052,140.272408
"双海亜美,双海真美",二海郡八雲町富士見町,ふたみぐんやくもちょう ふじみちょう,42.255309,140.275
"双海亜美,双海真美",二海郡八雲町本町,ふたみぐんやくもちょう ほんちょう,42.2549,140.271774
"双海亜美,双海真美",二海郡八雲町三杉町,ふたみぐんやくもちょう みすぎちょう,42.246564,140.281861
"双海亜美,双海真美",二海郡八雲町緑町,ふたみぐんやくもちょう みどりちょう,42.24478,140.265986
"双海亜美,双海真美",二海郡八雲町宮園町,ふたみぐんやくもちょう みやぞのちょう,42.251802,140.262727
"双海亜美,双海真美",二海郡八雲町元町,ふたみぐんやくもちょう もとまち,42.259816,140.267173
"双海亜美,双海真美",二海郡八雲町山越,ふたみぐんやくもちょう やまこし,42.229889,140.327967
"双海亜美,双海真美",二海郡八雲町わらび野,ふたみぐんやくもちょう わらびの,42.144923,140.291726
"双海亜美,双海真美",二海郡八雲町山崎,ふたみぐんやくもちょう やまざき,42.312204,140.274821
"菊地真,豊川風花",虻田郡真狩村字豊川,あぶたぐんまっかりむら ,42.723116,140.801779
"春日未来,所恵美",常呂郡置戸町字春日,ところぐんおけとちょう ,43.594674,143.503396
"菊地真,豊川風花",勇払郡厚真町字豊川,ゆうふつぐんあつまちょう ,42.697493,141.835209
"田中琴葉,馬場このみ",黒石市大字北田中馬場尻中道東,くろいしし ,40.674105,140.590987
"田中琴葉,馬場このみ",黒石市大字北田中馬場尻中道西,くろいしし ,40.671231,140.591939
"田中琴葉,馬場このみ",黒石市大字北田中馬場尻道下,くろいしし ,40.672007,140.591277
"所恵美,福田のり子",五所川原市大字鶴ケ岡福田,ごしょがわらし ,40.844963,140.428357
"菊地真,北上麗花",北上市和賀町岩崎新田真栄,きたかみし わがちょういわさきしんでん,39.260286,141.00741
"福田のり子,北上麗花",北上市稲瀬町福田地,きたかみし いなせちょう,39.261564,141.156361
"菊地真,北上麗花",北上市口内町真木沢,きたかみし くちないちょう,39.282928,141.237582
"菊地真,北上麗花",奥州市水沢真城北上野,おうしゅうし みずさわしんじょう,39.12804,141.142779
"菊地真,木下ひなた",奥州市水沢真城柿ノ木下,おうしゅうし みずさわしんじょう,39.115051,141.145774
"菊地真,田中琴葉",奥州市水沢真城田中前,おうしゅうし みずさわしんじょう,39.119403,141.151135
"田中琴葉,中谷育",遠田郡涌谷町字北田中谷地三号,とおだぐんわくやちょう ,38.552296,141.111544
"所恵美,白石紬",仙台市泉区根白石堂所屋敷,せんだいしいずみく ねのしろいし,38.366169,140.820989
"所恵美,白石紬",白石市大平森合上御所之内,しろいしし おおだいらもりあい,37.988955,140.604435
"田中琴葉,白石紬",白石市大鷹沢三沢田中,しろいしし おおたかさわみさわ,37.989015,140.628112
"松田亜利沙,白石紬",白石市福岡深谷松田,しろいしし ふくおかふかや,38.035918,140.628113
"田中琴葉,白石紬",白石市大鷹沢三沢田中前,しろいしし おおたかさわみさわ,37.988101,140.631633
"所恵美,白石紬",白石市大平森合御所之内,しろいしし おおだいらもりあい,37.988955,140.606504
"菊地真,白石紬",白石市斎川真名板倉,しろいしし さいかわ,37.963893,140.604111
"北沢志保,白石紬",白石市福岡深谷北沢田,しろいしし ふくおかふかや,38.045562,140.636862
"田中琴葉,白石紬",白石市福岡深谷古田中,しろいしし ふくおかふかや,38.040169,140.639052
"松田亜利沙,白石紬",白石市福岡深谷松田前,しろいしし ふくおかふかや,38.038458,140.629401
"所恵美,白石紬",白石市福岡深谷御所内,しろいしし ふくおかふかや,38.033194,140.62822
"馬場このみ,白石紬",白石市郡山馬場堀東,しろいしし こおりやま,38.018853,140.634405
"田中琴葉,白石紬",白石市大鷹沢三沢田中北,しろいしし おおたかさわみさわ,37.987908,140.629229
"北沢志保,白石紬",白石市福岡深谷北沢,しろいしし ふくおかふかや,38.0407,140.618735
"田中琴葉,福田のり子",東松島市西福田中窪上,ひがしまつしまし にしふくだ,38.425559,141.132861
"田中琴葉,福田のり子",柴田郡大河原町福田中添,しばたぐんおおがわらまち ふくだ,38.064787,140.720069
"田中琴葉,中谷育",能代市字田中谷地,のしろし ,40.193142,140.13273
"菊地真,真壁瑞希",能代市真壁地,のしろし まかべち,40.220574,140.053926
"田中琴葉,中谷育",秋田市仁井田中谷地,あきたし にいだ,39.678133,140.148063
"田中琴葉,中谷育",秋田市上北手猿田中谷地,あきたし かみきたてさるた,39.677386,140.168269
"菊地真,真壁瑞希",能代市真壁地下悪土,のしろし まかべち,40.214404,140.049788
"菊地真,真壁瑞希",能代市真壁地トトメキ沢,のしろし まかべち,40.225153,140.04828
"菊地真,真壁瑞希",能代市真壁地上野,のしろし まかべち,40.22433,140.052965
"菊地真,真壁瑞希",能代市真壁地道添,のしろし まかべち,40.213453,140.055947
"菊地真,真壁瑞希",能代市真壁地道下古川布,のしろし まかべち,40.214555,140.052982
"菊地真,真壁瑞希",能代市真壁地サト,のしろし まかべち,40.215578,140.056197
"菊地真,真壁瑞希",能代市真壁地上悪土,のしろし まかべち,40.210222,140.056989
"菊地真,真壁瑞希",能代市真壁地堤下悪土,のしろし まかべち,40.210913,140.054324
"所恵美,豊川風花",潟上市昭和豊川上虻川新所,かたがみし しょうわとよかわかみあぶかわ,39.854375,140.129375
"菊地真,豊川風花",潟上市昭和豊川槻木真形沢,かたがみし しょうわとよかわつきのき,39.853257,140.083055
"菊地真,豊川風花",潟上市昭和豊川槻木真形尻,かたがみし しょうわとよかわつきのき,39.854827,140.081616
"菊地真,最上静香",最上郡真室川町大字新町,もがみぐんまむろがわまち ,38.852976,140.259364
"菊地真,最上静香",最上郡真室川町大字内町,もがみぐんまむろがわまち ,38.844689,140.271707
"菊地真,最上静香",最上郡真室川町大字大沢,もがみぐんまむろがわまち ,38.941424,140.231319
"菊地真,最上静香",最上郡真室川町大字大滝,もがみぐんまむろがわまち ,38.994337,140.298036
"菊地真,最上静香",最上郡真室川町大字釜渕,もがみぐんまむろがわまち ,38.940683,140.281478
"菊地真,最上静香",最上郡真室川町大字川ノ内,もがみぐんまむろがわまち ,38.91379,140.279758
"菊地真,最上静香",最上郡真室川町大字木ノ下,もがみぐんまむろがわまち ,38.853905,140.234753
"菊地真,最上静香",最上郡真室川町大字差首鍋,もがみぐんまむろがわまち ,38.984884,140.158323
"菊地真,最上静香",最上郡真室川町大字及位,もがみぐんまむろがわまち ,38.985099,140.382961
"菊地真,最上静香",最上郡真室川町大字平岡,もがみぐんまむろがわまち ,38.862832,140.28079
"田中琴葉,福田のり子",鶴岡市福田中田,つるおかし ふくだ,38.76611,139.808484
"菊地真,最上静香",最上郡真室川町大字大沢滝ノ沢山,もがみぐんまむろがわまち ,38.866951,140.236579
"菊地真,最上静香",最上郡真室川町大字新町塩野,もがみぐんまむろがわまち ,38.853884,140.267805
"所恵美,馬場このみ",飽海郡遊佐町遊佐五所ノ馬場,あくみぐんゆざまち ゆざ,39.011572,139.918053
"所恵美,馬場このみ",飽海郡遊佐町小原田御所ノ馬場,あくみぐんゆざまち おはらだ,39.011923,139.922683
"双海亜美,双海真美",南相馬市原町区二見町三丁目,みなみそうまし はらまちくふたみちょう 3,37.632958,140.970477
"双海亜美,双海真美",南相馬市原町区二見町四丁目,みなみそうまし はらまちくふたみちょう 4,37.629417,140.967339
"双海亜美,双海真美",南相馬市原町区二見町二丁目,みなみそうまし はらまちくふたみちょう 2,37.634268,140.96894
"双海亜美,双海真美",南相馬市原町区二見町一丁目,みなみそうまし はらまちくふたみちょう 1,37.634293,140.965855
"中谷育,馬場このみ",相馬市馬場野中谷地,そうまし ばばの,37.785457,140.944343
"菊地真,所恵美",石川郡石川町大字谷沢真所免,いしかわぐんいしかわまち ,37.137638,140.492299
"菊地真,真壁瑞希",双葉郡富岡町大字下郡山真壁,ふたばぐんとみおかまち ,37.327026,141.014244
"所恵美,福田のり子",相馬郡新地町大字福田別所,そうまぐんしんちまち ,37.883408,140.886267
"田中琴葉,福田のり子",相馬郡新地町大字福田中里,そうまぐんしんちまち ,37.888573,140.894482
"田中琴葉,福田のり子",相馬郡新地町大字福田中原,そうまぐんしんちまち ,37.890657,140.87401
"菊地真,真壁瑞希",桜川市真壁町飯塚,さくらがわし まかべちょういいつか,36.276872,140.091337
"菊地真,真壁瑞希",桜川市真壁町伊佐々,さくらがわし まかべちょういさざ,36.271654,140.084865
"菊地真,真壁瑞希",桜川市真壁町大塚新田,さくらがわし まかべちょうおおつかしんでん,36.308199,140.067828
"菊地真,真壁瑞希",桜川市真壁町上小幡,さくらがわし まかべちょうかみこばた,36.304587,140.120167
"菊地真,真壁瑞希",桜川市真壁町上谷貝,さくらがわし まかべちょうかみやがい,36.30649,140.058257
"菊地真,真壁瑞希",桜川市真壁町亀熊,さくらがわし まかべちょうかめくま,36.289249,140.087205
"菊地真,真壁瑞希",桜川市真壁町源法寺,さくらがわし まかべちょうげんぼうじ,36.272946,140.070185
"菊地真,真壁瑞希",桜川市真壁町酒寄,さくらがわし まかべちょうさかより,36.235025,140.065023
"菊地真,真壁瑞希",桜川市真壁町桜井,さくらがわし まかべちょうさくらい,36.27689,140.1277
"菊地真,真壁瑞希",桜川市真壁町椎尾,さくらがわし まかべちょうしいお,36.245887,140.07245
"菊地真,真壁瑞希",桜川市真壁町下小幡,さくらがわし まかべちょうしもこばた,36.300072,140.129152
"菊地真,真壁瑞希",桜川市真壁町下谷貝,さくらがわし まかべちょうしもやがい,36.28707,140.060152
"菊地真,真壁瑞希",桜川市真壁町白井,さくらがわし まかべちょうしらい,36.285631,140.127644
"菊地真,真壁瑞希",桜川市真壁町田,さくらがわし まかべちょうた,36.253551,140.108075
"菊地真,真壁瑞希",桜川市真壁町長岡,さくらがわし まかべちょうながおか,36.29442,140.134015
"菊地真,真壁瑞希",桜川市真壁町羽鳥,さくらがわし まかべちょうはどり,36.248615,140.095998
"菊地真,真壁瑞希",桜川市真壁町塙世,さくらがわし まかべちょうはなわぜ,36.280572,140.079844
"菊地真,真壁瑞希",桜川市真壁町原方,さくらがわし まかべちょうはらがた,36.301484,140.091879
"菊地真,真壁瑞希",桜川市真壁町東矢貝,さくらがわし まかべちょうひがしやがい,36.297078,140.075697
"菊地真,真壁瑞希",桜川市真壁町東山田,さくらがわし まかべちょうひがしやまだ,36.252441,140.083293
"菊地真,真壁瑞希",桜川市真壁町古城,さくらがわし まかべちょうふるしろ,36.275635,140.106652
"菊地真,真壁瑞希",桜川市真壁町細芝,さくらがわし まかべちょうほそしば,36.280226,140.062896
"菊地真,真壁瑞希",桜川市真壁町真壁,さくらがわし まかべちょうまかべ,36.276831,140.100642
"菊地真,真壁瑞希",桜川市真壁町山尾,さくらがわし まかべちょうやまお,36.259131,140.120984
"春日未来,福田のり子",つくばみらい市福田,つくばみらいし ふくだ,35.96398,140.035985
"菊地真,春日未来",つくばみらい市真木,つくばみらいし まぎ,36.000953,140.020855
"菊地真,真壁瑞希",渋川市北橘町真壁,しぶかわし ほっきつまちまかべ,36.479144,139.04242
"所恵美,篠宮可憐",所沢市星の宮二丁目,ところざわし ほしのみや 2,35.786414,139.460994
"所恵美,篠宮可憐",所沢市星の宮一丁目,ところざわし ほしのみや 1,35.787121,139.462942
"高槻やよい,所恵美",所沢市弥生町,ところざわし やよいちょう,35.804218,139.460828
"田中琴葉,所恵美",所沢市北中三丁目,ところざわし きたなか 3,35.811072,139.441638
"田中琴葉,所恵美",所沢市北中一丁目,ところざわし きたなか 1,35.808367,139.432236
"田中琴葉,所恵美",所沢市北中四丁目,ところざわし きたなか 4,35.817367,139.437211
"田中琴葉,所恵美",所沢市北中二丁目,ところざわし きたなか 2,35.811071,139.43455
"三浦あずさ,白石紬",三浦市白石町,みうらし しらいしちょう,35.144026,139.615998
"双海亜美,双海真美",佐渡市二見,さどし ふたみ,37.978449,138.253939
"田中琴葉,中谷育",三条市猪子場新田中谷内,さんじょうし いのこばしんでん,37.60818,138.926754
"田中琴葉,福田のり子",上越市大字大道福田中小割,じょうえつし ,37.150857,138.24961
"七尾百合子,白石紬",七尾市津向町,ななおし つむぎまち,37.060242,136.952978
"所恵美,七尾百合子",七尾市所口町,ななおし ところぐちまち,37.037924,136.964588
"所恵美,七尾百合子",七尾市中島町別所,ななおし なかじままちべっしょ,37.17226,136.845094
"所恵美,七尾百合子",七尾市能登島別所町,ななおし のとじまべっしょまち,37.121674,136.963007
"水瀬伊織,七尾百合子",七尾市庵町,ななおし いおりまち,37.03893,137.038361
"七尾百合子,白石紬",七尾市津向町ヘ,ななおし つむぎまち,37.056712,136.948186
"七尾百合子,白石紬",七尾市津向町ホ,ななおし つむぎまち,37.055719,136.952652
"七尾百合子,白石紬",七尾市津向町松山,ななおし つむぎまち,37.05769,136.95078
"七尾百合子,白石紬",七尾市津向町ニ,ななおし つむぎまち,37.050417,136.950749
"七尾百合子,白石紬",七尾市津向町ト,ななおし つむぎまち,37.056932,136.954506
"七尾百合子,白石紬",七尾市津向町ロ,ななおし つむぎまち,37.047913,136.953976
"七尾百合子,白石紬",七尾市津向町チ,ななおし つむぎまち,37.059385,136.947796
"七尾百合子,白石紬",七尾市津向町和田,ななおし つむぎまち,37.062914,136.95803
"七尾百合子,白石紬",七尾市津向町イ,ななおし つむぎまち,37.047688,136.955433
"七尾百合子,白石紬",七尾市津向町浜高,ななおし つむぎまち,37.066153,136.95919
"七尾百合子,白石紬",七尾市津向町ハ,ななおし つむぎまち,37.052991,136.954487
"七尾百合子,白石紬",七尾市津向町野中,ななおし つむぎまち,37.063182,136.954768
"所恵美,七尾百合子",七尾市所口町リ,ななおし ところぐちまち,37.042726,136.95605
"所恵美,七尾百合子",七尾市所口町チ,ななおし ところぐちまち,37.041296,136.959566
"所恵美,七尾百合子",七尾市所口町ヘ,ななおし ところぐちまち,37.038613,136.960789
"所恵美,七尾百合子",七尾市所口町ホ,ななおし ところぐちまち,37.039414,136.961594
"所恵美,七尾百合子",七尾市所口町ニ,ななおし ところぐちまち,37.041438,136.961535
"所恵美,七尾百合子",七尾市所口町ハ,ななおし ところぐちまち,37.038424,136.963992
"所恵美,七尾百合子",七尾市所口町甲,ななおし ところぐちまち,37.04096,136.963843
"所恵美,七尾百合子",七尾市所口町イ,ななおし ところぐちまち,37.039567,136.964039
"所恵美,七尾百合子",七尾市所口町ロ,ななおし ところぐちまち,37.035936,136.965693
"七尾百合子,白石紬",七尾市津向町ヲ,ななおし つむぎまち,37.063561,136.953207
"七尾百合子,白石紬",七尾市津向町巻口,ななおし つむぎまち,37.061191,136.950375
"所恵美,野々原茜",岐阜市茜部新所一丁目,ぎふし あかなべしんしょ 1,35.386073,136.755718
"所恵美,野々原茜",岐阜市茜部新所二丁目,ぎふし あかなべしんしょ 2,35.385435,136.758334
"所恵美,野々原茜",岐阜市茜部新所三丁目,ぎふし あかなべしんしょ 3,35.382037,136.758314
"所恵美,野々原茜",岐阜市茜部新所四丁目,ぎふし あかなべしんしょ 4,35.379356,136.757714
"春日未来,高山紗代子",高山市春日町,たかやまし かすがまち,36.13769,137.266817
"ロコ,高山紗代子",高山市国府町半田,たかやまし こくふちょうはんだ,36.222774,137.224759
"四条貴音,高山紗代子",高山市高根町阿多野郷,たかやまし たかねまちあたのごう,36.061716,137.535247
"四条貴音,高山紗代子",高山市高根町池ケ洞,たかやまし たかねまちいけがほら,36.070653,137.48826
"四条貴音,高山紗代子",高山市高根町猪之鼻,たかやまし たかねまちいのはな,36.020625,137.430983
"四条貴音,高山紗代子",高山市高根町大古井,たかやまし たかねまちおおぶるい,36.033333,137.46995
"四条貴音,高山紗代子",高山市高根町上ケ洞,たかやまし たかねまちかみがほら,36.035607,137.493494
"四条貴音,高山紗代子",高山市高根町黍生,たかやまし たかねまちきびゅう,36.057975,137.508951
"四条貴音,高山紗代子",高山市高根町小日和田,たかやまし たかねまちこひわだ,35.986341,137.540062
"四条貴音,高山紗代子",高山市高根町下之向,たかやまし たかねまちしものむかい,36.024043,137.456794
"四条貴音,高山紗代子",高山市高根町留之原,たかやまし たかねまちとめのはら,35.97468,137.523674
"四条貴音,高山紗代子",高山市高根町中之宿,たかやまし たかねまちなかのしゅく,36.030602,137.443914
"四条貴音,高山紗代子",高山市高根町中洞,たかやまし たかねまちなかぼら,36.074628,137.453641
"四条貴音,高山紗代子",高山市高根町野麦,たかやまし たかねまちのむぎ,36.060282,137.578927
"四条貴音,高山紗代子",高山市高根町日影,たかやまし たかねまちひかげ,36.003792,137.475436
"四条貴音,高山紗代子",高山市高根町日和田,たかやまし たかねまちひわだ,35.974234,137.487624
"高山紗代子,馬場このみ",高山市馬場町一丁目,たかやまし ばばまち 1,36.140654,137.261852
"高山紗代子,馬場このみ",高山市馬場町二丁目,たかやまし ばばまち 2,36.142947,137.262278
"双海亜美,双海真美",羽島郡笠松町二見町,はしまぐんかさまつちょう ふたみちょう,35.371136,136.762864
"田中琴葉,福田のり子",磐田市福田中島,いわたし ふくでなかじま,34.672952,137.869811
"ロコ,篠宮可憐",半田市乙川西ノ宮町一丁目,はんだし おつかわにしのみやちょう 1,34.911578,136.943315
"ロコ,篠宮可憐",半田市乙川西ノ宮町二丁目,はんだし おつかわにしのみやちょう 2,34.911376,136.941987
"ロコ,篠宮可憐",半田市乙川西ノ宮町三丁目,はんだし おつかわにしのみやちょう 3,34.91179,136.940689
"春日未来,ロコ",半田市春日町一丁目,はんだし かすがちょう 1,34.883314,136.919079
"春日未来,ロコ",半田市春日町二丁目,はんだし かすがちょう 2,34.884285,136.917654
"春日未来,ロコ",半田市春日町三丁目,はんだし かすがちょう 3,34.885045,136.916442
"四条貴音,ロコ",半田市亀崎高根町一丁目,はんだし かめざきたかねちょう 1,34.924832,136.958044
"四条貴音,ロコ",半田市亀崎高根町二丁目,はんだし かめざきたかねちょう 2,34.921825,136.959701
"四条貴音,ロコ",半田市亀崎高根町三丁目,はんだし かめざきたかねちょう 3,34.922618,136.956143
"四条貴音,ロコ",半田市亀崎高根町四丁目,はんだし かめざきたかねちょう 4,34.921139,136.955875
"四条貴音,ロコ",半田市亀崎高根町五丁目,はんだし かめざきたかねちょう 5,34.920826,136.957957
"四条貴音,ロコ",半田市亀崎高根町六丁目,はんだし かめざきたかねちょう 6,34.918628,136.959259
"四条貴音,ロコ",半田市亀崎高根町七丁目,はんだし かめざきたかねちょう 7,34.91815,136.956039
"四条貴音,ロコ",半田市亀崎高根町八丁目,はんだし かめざきたかねちょう 8,34.916434,136.95886
"ロコ,真壁瑞希",半田市清水北町,はんだし しみずきたまち,34.900578,136.926422
"ロコ,馬場このみ",半田市平地馬場町一丁目,はんだし ひらちばんばちょう 1,34.925901,136.956602
"ロコ,馬場このみ",半田市平地馬場町二丁目,はんだし ひらちばんばちょう 2,34.924551,136.956068
"ロコ,高山紗代子",半田市岩滑高山町一丁目,はんだし やなべたかやまちょう 1,34.911609,136.918179
"ロコ,高山紗代子",半田市岩滑高山町二丁目,はんだし やなべたかやまちょう 2,34.90904,136.919136
"ロコ,高山紗代子",半田市岩滑高山町三丁目,はんだし やなべたかやまちょう 3,34.907285,136.919804
"ロコ,高山紗代子",半田市岩滑高山町四丁目,はんだし やなべたかやまちょう 4,34.906475,136.917266
"ロコ,高山紗代子",半田市岩滑高山町五丁目,はんだし やなべたかやまちょう 5,34.908681,136.916385
"ロコ,高山紗代子",半田市岩滑高山町六丁目,はんだし やなべたかやまちょう 6,34.909388,136.914164
"ロコ,高山紗代子",半田市岩滑高山町七丁目,はんだし やなべたかやまちょう 7,34.908336,136.912982
"ロコ,高山紗代子",半田市岩滑高山町八丁目,はんだし やなべたかやまちょう 8,34.905726,136.914193
"ロコ,横山奈緒",半田市横山町,はんだし よこやまちょう,34.899957,136.887365
"春日未来,高山紗代子",春日井市高山町一丁目,かすがいし たかやまちょう 1,35.252089,136.951619
"春日未来,高山紗代子",春日井市高山町二丁目,かすがいし たかやまちょう 2,35.255226,136.954845
"春日未来,高山紗代子",春日井市高山町三丁目,かすがいし たかやまちょう 3,35.257578,136.954365
"春日未来,高山紗代子",春日井市西高山町一丁目,かすがいし にしたかやまちょう 1,35.254654,136.947041
"春日未来,高山紗代子",春日井市西高山町二丁目,かすがいし にしたかやまちょう 2,35.257245,136.948331
"春日未来,高山紗代子",春日井市西高山町三丁目,かすがいし にしたかやまちょう 3,35.254868,136.950086
"高槻やよい,春日未来",春日井市弥生町,かすがいし やよいちょう,35.239663,136.978768
"高槻やよい,春日未来",春日井市弥生町一丁目,かすがいし やよいちょう 1,35.239814,136.975112
"高槻やよい,春日未来",春日井市弥生町二丁目,かすがいし やよいちょう 2,35.241692,136.978212
"春日未来,高山紗代子",春日井市高山町四丁目,かすがいし たかやまちょう 4,35.260353,136.953285
"春日未来,高山紗代子",春日井市高山町,かすがいし たかやまちょう,35.2616,136.952509
"馬場このみ,豊川風花",豊川市馬場町,とよかわし ばばちょう,34.820179,137.402347
"双海亜美,双海真美,豊川風花",豊川市二見町,とよかわし ふたみちょう,34.818821,137.389088
"野々原茜,豊川風花",豊川市御津町赤根,とよかわし みとちょうあかね,34.817667,137.298249
"高槻やよい,豊川風花",豊川市弥生町一丁目,とよかわし やよいちょう 1,34.810805,137.376002
"高槻やよい,豊川風花",豊川市弥生町二丁目,とよかわし やよいちょう 2,34.809715,137.373854
"双海亜美,双海真美",豊田市双美町一丁目,とよたし ふたみちょう 1,35.097366,137.200968
"双海亜美,双海真美",豊田市双美町二丁目,とよたし ふたみちょう 2,35.097432,137.202242
"双海亜美,双海真美",豊田市双美町三丁目,とよたし ふたみちょう 3,35.0974,137.203321
"双海亜美,双海真美",豊田市二タ宮町,とよたし ふたみやちょう,35.153085,137.363453
"双海亜美,双海真美",清須市西枇杷島町二見,きよすし にしびわじまちょうふたみ,35.199013,136.862959
"萩原雪歩,松田亜利沙",一宮市萩原町萩原松田,いちのみやし はぎわらちょうはぎわら,35.282161,136.76392
"萩原雪歩,所恵美",一宮市萩原町中島番所,いちのみやし はぎわらちょうなかしま,35.267993,136.771514
"萩原雪歩,馬場このみ",一宮市萩原町西御堂馬場,いちのみやし はぎわらちょうにしみどう,35.262774,136.774676
"春日未来,高山紗代子",春日井市高山町辻山,かすがいし たかやまちょう,35.261221,136.952058
"野々原茜,豊川風花",豊川市御津町赤根下川,とよかわし みとちょうあかね,34.81419,137.296611
"野々原茜,豊川風花",豊川市御津町赤根半郷,とよかわし みとちょうあかね,34.816421,137.295719
"野々原茜,豊川風花",豊川市御津町赤根仲田,とよかわし みとちょうあかね,34.822007,137.297716
"野々原茜,豊川風花",豊川市御津町赤根屋敷,とよかわし みとちょうあかね,34.814217,137.299179
"野々原茜,豊川風花",豊川市御津町赤根宮前,とよかわし みとちょうあかね,34.818186,137.299096
"野々原茜,豊川風花",豊川市御津町赤根前浜,とよかわし みとちょうあかね,34.811427,137.299181
"野々原茜,豊川風花",豊川市御津町赤根百々,とよかわし みとちょうあかね,34.820004,137.300005
"野々原茜,豊川風花",豊川市御津町赤根角田,とよかわし みとちょうあかね,34.816076,137.299652
"野々原茜,豊川風花",豊川市御津町赤根水神,とよかわし みとちょうあかね,34.813981,137.300775
"野々原茜,豊川風花",豊川市御津町赤根山田,とよかわし みとちょうあかね,34.820461,137.302959
"野々原茜,豊川風花",豊川市御津町赤根柑子,とよかわし みとちょうあかね,34.817694,137.302721
"野々原茜,豊川風花",豊川市御津町赤根神場,とよかわし みとちょうあかね,34.818265,137.307514
"所恵美,豊川風花",豊川市御津町下佐脇御所,とよかわし みとちょうしもさわき,34.805273,137.324272
"馬場このみ,豊川風花",豊川市萩町馬場,とよかわし はぎちょう,34.877502,137.32607
"所恵美,豊川風花",豊川市市田町御所ケ谷津,とよかわし いちだちょう,34.833835,137.361075
"菊地真,豊川風花",豊川市千両町真川,とよかわし ちぎりちょう,34.857602,137.380558
"馬場このみ,豊川風花",豊川市馬場町上石畑,とよかわし ばばちょう,34.818788,137.399107
"馬場このみ,豊川風花",豊川市馬場町弁天前,とよかわし ばばちょう,34.819055,137.400062
"馬場このみ,豊川風花",豊川市馬場町郷中,とよかわし ばばちょう,34.82122,137.400804
"馬場このみ,豊川風花",豊川市馬場町縄手上,とよかわし ばばちょう,34.817957,137.401637
"馬場このみ,豊川風花",豊川市馬場町郷前,とよかわし ばばちょう,34.820011,137.401616
"馬場このみ,豊川風花",豊川市馬場町御堂前,とよかわし ばばちょう,34.818924,137.40156
"馬場このみ,豊川風花",豊川市馬場町郷東,とよかわし ばばちょう,34.821218,137.403731
"所恵美,豊川風花",豊川市足山田町御所貝ツ,とよかわし あしやまだちょう,34.866209,137.404141
"馬場このみ,豊川風花",豊川市馬場町宮脇,とよかわし ばばちょう,34.820092,137.403231
"馬場このみ,豊川風花",豊川市馬場町松下,とよかわし ばばちょう,34.822854,137.40348
"馬場このみ,豊川風花",豊川市馬場町薬師,とよかわし ばばちょう,34.822343,137.405078
"馬場このみ,豊川風花",豊川市萩町西馬場,とよかわし はぎちょう,34.878502,137.324796
"野々原茜,豊川風花",豊川市御津町赤根松葉,とよかわし みとちょうあかね,34.817684,137.300737
"北沢志保,豊川風花",豊川市御油町北沢,とよかわし ごゆちょう,34.853567,137.320793
"所恵美,豊川風花",豊川市金沢町万所,とよかわし かなざわちょう,34.858431,137.450274
"横山奈緒,豊川風花",豊川市萩町横山,とよかわし はぎちょう,34.876575,137.351111
"田中琴葉,横山奈緒",安城市横山町大山田中,あんじょうし よこやまちょう,34.961157,137.073195
"田中琴葉,中谷育",知多市岡田中谷,ちたし おかだ,34.96495,136.866916
"双海亜美,双海真美",伊勢市二見町今一色,いせし ふたみちょういまいしき,34.518979,136.750508
"双海亜美,双海真美",伊勢市二見町江,いせし ふたみちょうえ,34.50264,136.789888
"双海亜美,双海真美",伊勢市二見町荘,いせし ふたみちょうしょう,34.508389,136.770664
"双海亜美,双海真美",伊勢市二見町茶屋,いせし ふたみちょうちゃや,34.506152,136.781602
"双海亜美,双海真美",伊勢市二見町西,いせし ふたみちょうにし,34.511839,136.759004
"双海亜美,双海真美",伊勢市二見町光の街,いせし ふたみちょうひかりのまち,34.495667,136.762816
"双海亜美,双海真美",伊勢市二見町松下,いせし ふたみちょうまつした,34.496178,136.802936
"双海亜美,双海真美",伊勢市二見町溝口,いせし ふたみちょうみぞぐち,34.502298,136.757109
"双海亜美,双海真美",伊勢市二見町三津,いせし ふたみちょうみつ,34.500154,136.776734
"双海亜美,双海真美",伊勢市二見町山田原,いせし ふたみちょうやまだはら,34.500533,136.765689
"所恵美,中谷育",熊野市育生町粉所,くまのし いくせいちょうこどころ,33.925154,136.002128
"高槻やよい,横山奈緒",長浜市高月町横山,ながはまし たかつきちょうよこやま,35.483609,136.223423
"田中琴葉,馬場このみ",京都市左京区田中馬場町,きょうとしさきょうく たなかばばちょう,35.032688,135.774966
"所恵美,馬場このみ",長岡京市馬場図所,ながおかきょうし ばば,34.927563,135.71038
"田中琴葉,ロコ",南丹市園部町半田中殿,なんたんし そのべちょうはんだ,35.090547,135.456714
"所恵美,馬場このみ",船井郡京丹波町高岡馬場所,ふないぐんきょうたんばちょう たかおか,35.131668,135.410147
"四条貴音,中谷育",大阪市城東区成育一丁目,おおさかしじょうとうく せいいく 1,34.705373,135.5418
"四条貴音,中谷育",大阪市城東区成育二丁目,おおさかしじょうとうく せいいく 2,34.709007,135.54557
"四条貴音,中谷育",大阪市城東区成育三丁目,おおさかしじょうとうく せいいく 3,34.708248,135.542904
"四条貴音,中谷育",大阪市城東区成育五丁目,おおさかしじょうとうく せいいく 5,34.713594,135.54471
"四条貴音,中谷育",大阪市城東区成育四丁目,おおさかしじょうとうく せいいく 4,34.711213,135.543521
"高槻やよい,所恵美",高槻市別所新町,たかつきし べっしよしんまち,34.857615,135.626578
"高槻やよい,菊地真",高槻市真上町三丁目,たかつきし まかみちょう 3,34.859044,135.607665
"高槻やよい,所恵美",高槻市別所中の町,たかつきし べっしよなかのちょう,34.859148,135.626868
"高槻やよい,菊地真",高槻市西真上二丁目,たかつきし にしまかみ 2,34.858113,135.601345
"高槻やよい,菊地真",高槻市真上町二丁目,たかつきし まかみちょう 2,34.856692,135.608978
"高槻やよい,菊地真",高槻市真上町四丁目,たかつきし まかみちょう 4,34.860505,135.609253
"高槻やよい,菊地真",高槻市真上町一丁目,たかつきし まかみちょう 1,34.855939,135.61282
"高槻やよい,所恵美",高槻市庄所町,たかつきし しょうどころちょう,34.838986,135.614565
"高槻やよい,菊地真",高槻市西真上一丁目,たかつきし にしまかみ 1,34.857079,135.604843
"高槻やよい,菊地真",高槻市真上町五丁目,たかつきし まかみちょう 5,34.863771,135.611267
"高槻やよい,春日未来",高槻市春日町,たかつきし かすがちょう,34.838511,135.628394
"高槻やよい,所恵美",高槻市南庄所町,たかつきし みなみしょうどころちょう,34.834206,135.614659
"高槻やよい,菊地真",高槻市真上町六丁目,たかつきし まかみちょう 6,34.866154,135.610931
"高槻やよい,所恵美",高槻市別所本町,たかつきし べっしょほんまち,34.863917,135.627251
"高槻やよい,所恵美",高槻市安満御所の町,たかつきし あまごしょのちょう,34.866491,135.633123
"菊地真,篠宮可憐",門真市四宮一丁目,かどまし しのみや 1,34.737719,135.612074
"菊地真,篠宮可憐",門真市四宮四丁目,かどまし しのみや 4,34.733032,135.612253
"菊地真,篠宮可憐",門真市四宮六丁目,かどまし しのみや 6,34.730166,135.614482
"菊地真,篠宮可憐",門真市四宮三丁目,かどまし しのみや 3,34.736404,135.613577
"菊地真,篠宮可憐",門真市四宮五丁目,かどまし しのみや 5,34.733418,135.615233
"菊地真,篠宮可憐",門真市四宮二丁目,かどまし しのみや 2,34.737899,135.615886
"双海亜美,双海真美",明石市二見町南二見,あかしし ふたみちょうみなみふたみ,34.69301,134.873829
"双海亜美,双海真美",明石市二見町西二見,あかしし ふたみちょうにしふたみ,34.708868,134.883044
"双海亜美,双海真美",明石市二見町西二見駅前三丁目,あかしし ふたみちょうにしふたみえきまえ 3,34.705221,134.874432
"双海亜美,双海真美",明石市二見町西二見駅前二丁目,あかしし ふたみちょうにしふたみえきまえ 2,34.703791,134.87697
"双海亜美,双海真美",明石市二見町西二見駅前一丁目,あかしし ふたみちょうにしふたみえきまえ 1,34.705286,134.878272
"双海亜美,双海真美",明石市二見町西二見駅前四丁目,あかしし ふたみちょうにしふたみえきまえ 4,34.70687,134.875849
"双海亜美,双海真美",明石市二見町東二見,あかしし ふたみちょうひがしふたみ,34.701289,134.887663
"双海亜美,双海真美",明石市二見町福里,あかしし ふたみちょうふくさと,34.713117,134.894822
"双海亜美,双海真美,篠宮可憐",西宮市二見町,にしのみやし ふたみちょう,34.740631,135.372278
"田中琴葉,篠宮可憐",西宮市上田中町,にしのみやし うえだなかまち,34.708478,135.373025
"田中琴葉,篠宮可憐",西宮市田中町,にしのみやし たなかちょう,34.736492,135.337229
"馬場このみ,篠宮可憐",西宮市馬場町,にしのみやし ばばちょう,34.735144,135.337841
"所恵美,篠宮可憐",西宮市産所町,にしのみやし さんしょちょう,34.737578,135.334649
"所恵美,篠宮可憐",西宮市御茶家所町,にしのみやし おちゃやしょちょう,34.737827,135.326868
"天海春香,篠宮可憐",西宮市甲子園春風町,にしのみやし こうしえんはるかぜちょう,34.730806,135.362402
"菊地真,篠宮可憐",西宮市今津真砂町,にしのみやし いまづまさごちょう,34.719356,135.347984
"田中琴葉,ロコ",朝来市和田山町土田中川原,あさごし わだやまちょうはんだ,35.3458,134.840969
"所恵美,ロコ",朝来市和田山町土田向所,あさごし わだやまちょうはんだ,35.342594,134.840676
"田中琴葉,ロコ",奈良市北半田中町,ならし きたはんだなかまち,34.688111,135.832472
"田中琴葉,ロコ",奈良市南半田中町,ならし みなみはんだなかまち,34.687488,135.832616
"双海亜美,双海真美",五條市二見一丁目,ごじょうし ふたみ 1,34.346865,135.686892
"双海亜美,双海真美",五條市二見二丁目,ごじょうし ふたみ 2,34.344563,135.684943
"双海亜美,双海真美",五條市二見三丁目,ごじょうし ふたみ 3,34.344446,135.682646
"双海亜美,双海真美",五條市二見四丁目,ごじょうし ふたみ 4,34.344063,135.688089
"双海亜美,双海真美",五條市二見五丁目,ごじょうし ふたみ 5,34.340894,135.686576
"双海亜美,双海真美",五條市二見六丁目,ごじょうし ふたみ 6,34.347202,135.68421
"双海亜美,双海真美",五條市二見七丁目,ごじょうし ふたみ 7,34.344715,135.679395
"菊地真,双海真美",香芝市西真美一丁目,かしばし にしまみ 1,34.54348,135.712346
"菊地真,双海真美",香芝市西真美二丁目,かしばし にしまみ 2,34.547573,135.713243
"菊地真,双海真美",香芝市西真美三丁目,かしばし にしまみ 3,34.544009,135.716047
"菊地真,双海真美",香芝市真美ヶ丘一丁目,かしばし  1,34.541244,135.717323
"菊地真,双海真美",香芝市真美ヶ丘二丁目,かしばし  2,34.540564,135.721477
"菊地真,双海真美",香芝市真美ヶ丘三丁目,かしばし  3,34.537974,135.723837
"菊地真,双海真美",香芝市真美ヶ丘四丁目,かしばし  4,34.535586,135.727322
"菊地真,双海真美",香芝市真美ヶ丘五丁目,かしばし  5,34.547212,135.719315
"菊地真,双海真美",香芝市真美ヶ丘六丁目,かしばし  6,34.543574,135.722292
"菊地真,双海真美",香芝市真美ヶ丘七丁目,かしばし  7,34.54216,135.725444
"田中琴葉,馬場このみ",紀の川市田中馬場,きのかわし たなかばば,34.26747,135.354581
"田中琴葉,松田亜利沙",岡山市北区高松田中,おかやましきたく たかまつたなか,34.696595,133.795523
"菊地真,真壁瑞希",総社市真壁,そうじゃし まかべ,34.671871,133.728359
"菊地真,福田のり子",真庭市蒜山上福田,まにわし ひるぜんかみふくだ,35.309885,133.626852
"菊地真,福田のり子",真庭市蒜山下福田,まにわし ひるぜんしもふくだ,35.298796,133.677992
"菊地真,福田のり子",真庭市蒜山中福田,まにわし ひるぜんなかふくだ,35.30213,133.648838
"菊地真,所恵美",真庭市蒜山別所,まにわし ひるぜんべっしょ,35.294707,133.772099
"菊地真,福田のり子",真庭市福田,まにわし ふくだ,35.050719,133.750988
"菊地真,所恵美",真庭市別所,まにわし べっしよ,35.017524,133.642799
"菊地真,真壁瑞希",美作市真加部,みまさかし まかべ,35.080736,134.183299
"菊地真,中谷育",真庭郡新庄村中谷,まにわぐんしんじょうそん ,35.197488,133.5722
"菊地真,田中琴葉",真庭郡新庄村田中,まにわぐんしんじょうそん ,35.188301,133.565477
"菊地真,所恵美",真庭郡新庄村大所,まにわぐんしんじょうそん ,35.163314,133.57835
"菊地真,真壁瑞希",苫田郡鏡野町真加部,とまたぐんかがみのちょう まかべ,35.090107,133.917961
"菊地真,高坂海美",三原市高坂町真良,みはらし たかさかちょうしんら,34.441338,132.998571
"田中琴葉,ロコ",美馬郡つるぎ町半田中藪,みまぐんつるぎちょう はんだ,34.041971,134.051359
"双海亜美,双海真美",伊予市双海町大久保,いよし ふたみちょうおおくぼ,33.656058,132.61012
"双海亜美,双海真美",伊予市双海町上灘,いよし ふたみちょうかみなだ,33.673651,132.666341
"双海亜美,双海真美",伊予市双海町串,いよし ふたみちょうくし,33.628737,132.570715
"双海亜美,双海真美",伊予市双海町高野川,いよし ふたみちょうこうのかわ,33.700887,132.670124
"双海亜美,双海真美",伊予市双海町高岸,いよし ふたみちょうたかぎし,33.670083,132.630464
"双海亜美,双海真美",西宇和郡伊方町二見,にしうわぐんいかたちょう ふたみ,33.465497,132.284099
"双海亜美,双海真美",四万十市双海,しまんとし ふたみ,32.970464,132.994084
"高槻やよい,春日未来",春日市弥生一丁目,かすがし やよい 1,33.536977,130.448022
"高槻やよい,春日未来",春日市弥生二丁目,かすがし やよい 2,33.536154,130.450985
"高槻やよい,春日未来",春日市弥生三丁目,かすがし やよい 3,33.535337,130.45204
"高槻やよい,春日未来",春日市弥生四丁目,かすがし やよい 4,33.53453,130.450751
"高槻やよい,春日未来",春日市弥生五丁目,かすがし やよい 5,33.533386,130.449783
"高槻やよい,春日未来",春日市弥生六丁目,かすがし やよい 6,33.533351,130.448513
"高槻やよい,春日未来",春日市弥生七丁目,かすがし やよい 7,33.534875,130.448439
"松田亜利沙,宮尾美也",みやま市瀬高町松田,みやまし せたかまちまつだ,33.143689,130.493254
"菊地真,宮尾美也",みやま市山川町真弓,みやまし やまかわまちまゆみ,33.095048,130.555781
"松田亜利沙,宮尾美也",京都郡みやこ町勝山松田,みやこぐんみやこまち かつやままつだ,33.680064,130.893742
"馬場このみ,宮尾美也",京都郡みやこ町犀川木井馬場,みやこぐんみやこまち さいがわきいばば,33.620542,130.963332
"田中琴葉,宮尾美也",京都郡みやこ町田中,みやこぐんみやこまち たなか,33.688671,130.993423
"福田のり子,白石紬",杵島郡白石町大字福田,きしまぐんしろいしちょう ,33.179745,130.162489
"島原エレナ,馬場このみ",島原市新馬場町,しまばらし しんばばまち,32.798155,130.367135
"萩原雪歩,島原エレナ",島原市萩原一丁目,しまばらし はぎはら 1,32.785479,130.366691
"萩原雪歩,島原エレナ",島原市萩原二丁目,しまばらし はぎはら 2,32.785621,130.362627
"萩原雪歩,島原エレナ",島原市萩原三丁目,しまばらし はぎはら 3,32.783924,130.363464
"島原エレナ,馬場このみ",島原市広馬場町,しまばらし ひろばばまち,32.774597,130.371535
"島原エレナ,北上麗花",島原市北上木場町,しまばらし きたかみこばまち,32.754162,130.336542
"双海亜美,双海真美",八代市二見赤松町,やつしろし ふたみあかまつまち,32.382323,130.541198
"双海亜美,双海真美",八代市二見下大野町,やつしろし ふたみしもおおのまち,32.407006,130.566996
"双海亜美,双海真美",八代市二見洲口町,やつしろし ふたみすぐちまち,32.416095,130.551537
"双海亜美,双海真美",八代市二見野田崎町,やつしろし ふたみのたざきまち,32.406922,130.589692
"双海亜美,双海真美",八代市二見本町,やつしろし ふたみほんまち,32.393854,130.558211
"如月千早,菊地真",菊池市七城町林原,きくちし しちじょうまちはやしばる,32.954309,130.747152
"菊地真,馬場このみ",菊池郡菊陽町大字馬場楠,きくちぐんきくようまち ,32.844195,130.841592
"天海春香,春日未来",奄美市名瀬春日町,あまみし なぜかすがちょう,28.366252,129.504713
"天海春香,菊地真",奄美市名瀬真名津町,あまみし なぜまなづちょう,28.364266,129.497588
"菊地真,真壁瑞希",糸満市字真壁,いとまんし ,26.107698,127.691351
